Entry ID,Name,Gender,Age,Team,NOC,Year,Season,City,Sport,Event,Medal
31,ABDELAZIZ Feryal,Female,22,Egypt,EGY,2020,Summer,Tokyo,Karate,Women's Kumite +61kg,Gold
175,AGHAYEV Rafael,Male,36,Azerbaijan,AZE,2020,Summer,Tokyo,Karate,Men's Kumite -75kg,Silver
246,AKTAS Ugur,Male,25,Turkey,TUR,2020,Summer,Tokyo,Karate,Men's Kumite +75kg,Bronze
358,ALMASATFA Abdel Rahman,Male,25,Jordan,JOR,2020,Summer,Tokyo,Karate,Men's Kumite -67kg,Bronze
616,ARAGA Ryutaro,Male,30,Japan,JPN,2020,Summer,Tokyo,Karate,Men's Kumite +75kg,Bronze
745,ASSADILOV Darkhan,Male,33,Kazakhstan,KAZ,2020,Summer,Tokyo,Karate,Men's Kumite -67kg,Bronze
1298,BERULTSEVA Sofya,Female,20,Kazakhstan,KAZ,2020,Summer,Tokyo,Karate,Women's Kumite +61kg,Bronze
1589,BOTTARO Viviana,Female,33,Italy,ITA,2020,Summer,Tokyo,Karate,Women's Kata,Bronze
1886,BUSA Luigi,Male,33,Italy,ITA,2020,Summer,Tokyo,Karate,Men's Kumite -75kg,Gold
2520,COBAN Merve,Female,28,Turkey,TUR,2020,Summer,Tokyo,Karate,Women's Kumite -61kg,Bronze
2764,da COSTA Steven,Male,24,France,FRA,2020,Summer,Tokyo,Karate,Men's Kumite -67kg,Gold
4214,GANJZADEH Sajad,Male,29,Iran,IRI,2020,Summer,Tokyo,Karate,Men's Kumite +75kg,Gold
4563,GONG Li,Female,21,China,CHN,2020,Summer,Tokyo,Karate,Women's Kumite +61kg,Bronze
4602,GORANOVA Ivet,Female,21,Bulgaria,BUL,2020,Summer,Tokyo,Karate,Women's Kumite -55kg,Gold
4945,HAMEDI Tareg,Male,23,Saudi Arabia,KSA,2020,Summer,Tokyo,Karate,Men's Kumite +75kg,Silver
5042,HARSPATAKI Karoly Gabor,Male,25,Hungary,HUN,2020,Summer,Tokyo,Karate,Men's Kumite -75kg,Bronze
5468,HORUNA Stanislav,Male,32,Ukraine,UKR,2020,Summer,Tokyo,Karate,Men's Kumite -75kg,Bronze
6671,KIYUNA Ryo,Male,31,Japan,JPN,2020,Summer,Tokyo,Karate,Men's Kata,Gold
7242,LAU Mo Sheung Grace,Female,29,"Hong Kong, China",HKG,2020,Summer,Tokyo,Karate,Women's Kata,Bronze
7777,LOTFY Giana,Female,26,Egypt,EGY,2020,Summer,Tokyo,Karate,Women's Kumite -61kg,Bronze
10518,PLANK Bettina,Female,29,Austria,AUT,2020,Summer,Tokyo,Karate,Women's Kumite -55kg,Bronze
10695,PREKOVIC Jovana,Female,25,Serbia,SRB,2020,Summer,Tokyo,Karate,Women's Kumite -61kg,Gold
10822,QUINTERO Damian,Male,37,Spain,ESP,2020,Summer,Tokyo,Karate,Men's Kata,Silver
11560,SAMDAN Eray,Male,24,Turkey,TUR,2020,Summer,Tokyo,Karate,Men's Kumite -67kg,Silver
11586,SANCHEZ JAIME Sandra,Female,39,Spain,ESP,2020,Summer,Tokyo,Karate,Women's Kata,Gold
12142,SHIMIZU Kiyou,Female,27,Japan,JPN,2020,Summer,Tokyo,Karate,Women's Kata,Silver
12428,SOFUOGLU Ali,Male,26,Turkey,TUR,2020,Summer,Tokyo,Karate,Men's Kata,Bronze
13086,TERLIUGA Anzhelika,Female,29,Ukraine,UKR,2020,Summer,Tokyo,Karate,Women's Kumite -55kg,Silver
13335,TORRES GUTIERREZ Ariel,Male,23,United States,USA,2020,Summer,Tokyo,Karate,Men's Kata,Bronze
14290,WEN Tzuyun,Female,27,Chinese Taipei,TPE,2020,Summer,Tokyo,Karate,Women's Kumite -55kg,Bronze
14791,YIN Xiaoyan,Female,27,China,CHN,2020,Summer,Tokyo,Karate,Women's Kumite -61kg,Silver
14936,ZARETSKA Iryna,Female,25,Azerbaijan,AZE,2020,Summer,Tokyo,Karate,Women's Kumite +61kg,Silver
